<?xml version="1.0" encoding="utf-8"?>
<resources>
  <color name="colorPrimary">#ff1949</color>
  <color name="colorPrimaryDark">#eb0837</color>
  <color name="colorAccent">#0eb582</color>
  <color name="green">#15CC87</color>
  <color name="red">#FE5442</color>
  <color name="yellow">#FCD007</color>
  <color name="gray">#555555</color>
  <color name="white">#ffffff</color>
  <color name="primary">#ff1949</color>
  <color name="primaryDark">#eb0837</color>
  <color name="accent">#0eb582</color>
  <color name="lightPrimary">#B3E5FC</color>
  <color name="textIcon">#FFFFFF</color>
  <color name="primaryText">#212121</color>
  <color name="secondaryText">#727272</color>
  <color name="divider">#B6B6B6</color>
  <color name="activated_color">#E8E8E8</color>
  <!--colors for modern ui-->
  <color name="whiteTextColor">#fff</color>
  <color name="primaryTextColor">#ff1949</color>
  <color name="loginBkColor">#f0f0f0</color>

  <!--colros for card-->
  <color name="whiteCardColor">#fff</color>
</resources>
